<?xml version="1.0" encoding="UTF-8" ?>
<!DOCTYPE struts PUBLIC
"-//Apache Software Foundation//DTD Struts Configuration 2.0//EN"
"http://struts.apache.org/dtds/struts-2.0.dtd">
 
<struts>

 	<constant name="struts.devMode" value="true" />
 	
	<package name="default" namespace="/" extends="struts-default">
		
		<action name="selectAction" class="com.mkyong.common.action.SelectAction" method="display">
			<result name="none">pages/select.jsp</result>
		</action>
		
		<action name="resultAction" class="com.mkyong.common.action.SelectAction">
			<result name="success">pages/result.jsp</result>
		</action>
	</package>
	
</struts>